"SUBJECT","YEAR_ID","MONTH_ID","DETAIL_NAME_THAI","COUNTRY","QTY","UNIT","DATAOWNER"
"ปริมาณการนำเข้าก๊าซธรรมชาติ (NG)",2541,8,"ก๊าซธรรมชาติ","ไม่ระบุ",324,"พันลิตรต่อเดือน","กรมธุรกิจพลังงาน"
"ปริมาณการนำเข้าก๊าซธรรมชาติ (NG)",2541,10,"ก๊าซธรรมชาติ","ไม่ระบุ",137,"พันลิตรต่อเดือน","กรมธุรกิจพลังงาน"
"ปริมาณการนำเข้าก๊าซธรรมชาติ (NG)",2541,11,"ก๊าซธรรมชาติ","ไม่ระบุ",246,"พันลิตรต่อเดือน","กรมธุรกิจพลังงาน"
"ปริมาณการนำเข้าก๊าซธรรมชาติ (NG)",2541,12,"ก๊าซธรรมชาติ","ไม่ระบุ",82,"พันลิตรต่อเดือน","กรมธุรกิจพลังงาน"
"ปริมาณการนำเข้าก๊าซธรรมชาติ (NG)",2542,2,"ก๊าซธรรมชาติ","ไม่ระบุ",164.2,"พันลิตรต่อเดือน","กรมธุรกิจพลังงาน"
"ปริมาณการนำเข้าก๊าซธรรมชาติ (NG)",2542,9,"ก๊าซธรรมชาติ","ไม่ระบุ",70.2,"พันลิตรต่อเดือน","กรมธุรกิจพลังงาน"
"ปริมาณการนำเข้าก๊าซธรรมชาติ (NG)",2542,11,"ก๊าซธรรมชาติ","ไม่ระบุ",0.3,"พันลิตรต่อเดือน","กรมธุรกิจพลังงาน"
"ปริมาณการนำเข้าก๊าซธรรมชาติ (NG)",2542,12,"ก๊าซธรรมชาติ","ไม่ระบุ",0.4,"พันลิตรต่อเดือน","กรมธุรกิจพลังงาน"
"ปริมาณการนำเข้าก๊าซธรรมชาติ (NG)",2543,1,"ก๊าซธรรมชาติ","เมียนมา",2190,"พันลิตรต่อเดือน","กรมธุรกิจพลังงาน"
"ปริมาณการนำเข้าก๊าซธรรมชาติ (NG)",2543,2,"ก๊าซธรรมชาติ","เมียนมา",2002,"พันลิตรต่อเดือน","กรมธุรกิจพลังงาน"
"ปริมาณการนำเข้าก๊าซธรรมชาติ (NG)",2543,3,"ก๊าซธรรมชาติ","เมียนมา",1420,"พันลิตรต่อเดือน","กรมธุรกิจพลังงาน"
"ปริมาณการนำเข้าก๊าซธรรมชาติ (NG)",2543,4,"ก๊าซธรรมชาติ","เมียนมา",713,"พันลิตรต่อเดือน","กรมธุรกิจพลังงาน"
"ปริมาณการนำเข้าก๊าซธรรมชาติ (NG)",2543,5,"ก๊าซธรรมชาติ","เมียนมา",3978,"พันลิตรต่อเดือน","กรมธุรกิจพลังงาน"
"ปริมาณการนำเข้าก๊าซธรรมชาติ (NG)",2543,6,"ก๊าซธรรมชาติ","เมียนมา",5060,"พันลิตรต่อเดือน","กรมธุรกิจพลังงาน"
"ปริมาณการนำเข้าก๊าซธรรมชาติ (NG)",2543,7,"ก๊าซธรรมชาติ","เมียนมา",6684,"พันลิตรต่อเดือน","กรมธุรกิจพลังงาน"
"ปริมาณการนำเข้าก๊าซธรรมชาติ (NG)",2543,8,"ก๊าซธรรมชาติ","เมียนมา",7178,"พันลิตรต่อเดือน","กรมธุรกิจพลังงาน"
"ปริมาณการนำเข้าก๊าซธรรมชาติ (NG)",2543,9,"ก๊าซธรรมชาติ","เมียนมา",9874,"พันลิตรต่อเดือน","กรมธุรกิจพลังงาน"
"ปริมาณการนำเข้าก๊าซธรรมชาติ (NG)",2543,10,"ก๊าซธรรมชาติ","เมียนมา",9173,"พันลิตรต่อเดือน","กรมธุรกิจพลังงาน"
"ปริมาณการนำเข้าก๊าซธรรมชาติ (NG)",2543,11,"ก๊าซธรรมชาติ","เมียนมา",12556,"พันลิตรต่อเดือน","กรมธุรกิจพลังงาน"
"ปริมาณการนำเข้าก๊าซธรรมชาติ (NG)",2543,12,"ก๊าซธรรมชาติ","เมียนมา",17213,"พันลิตรต่อเดือน","กรมธุรกิจพลังงาน"
"ปริมาณการนำเข้าก๊าซธรรมชาติ (NG)",2544,1,"ก๊าซธรรมชาติ","เมียนมา",19119,"พันลิตรต่อเดือน","กรมธุรกิจพลังงาน"
"ปริมาณการนำเข้าก๊าซธรรมชาติ (NG)",2544,2,"ก๊าซธรรมชาติ","เมียนมา",17459,"พันลิตรต่อเดือน","กรมธุรกิจพลังงาน"
"ปริมาณการนำเข้าก๊าซธรรมชาติ (NG)",2544,3,"ก๊าซธรรมชาติ","เมียนมา",19510,"พันลิตรต่อเดือน","กรมธุรกิจพลังงาน"
"ปริมาณการนำเข้าก๊าซธรรมชาติ (NG)",2544,4,"ก๊าซธรรมชาติ","เมียนมา",22629,"พันลิตรต่อเดือน","กรมธุรกิจพลังงาน"
"ปริมาณการนำเข้าก๊าซธรรมชาติ (NG)",2544,5,"ก๊าซธรรมชาติ","เมียนมา",18660,"พันลิตรต่อเดือน","กรมธุรกิจพลังงาน"
"ปริมาณการนำเข้าก๊าซธรรมชาติ (NG)",2544,6,"ก๊าซธรรมชาติ","เมียนมา",17579.9,"พันลิตรต่อเดือน","กรมธุรกิจพลังงาน"
"ปริมาณการนำเข้าก๊าซธรรมชาติ (NG)",2544,7,"ก๊าซธรรมชาติ","เมียนมา",20550,"พันลิตรต่อเดือน","กรมธุรกิจพลังงาน"
"ปริมาณการนำเข้าก๊าซธรรมชาติ (NG)",2544,8,"ก๊าซธรรมชาติ","เมียนมา",21585,"พันลิตรต่อเดือน","กรมธุรกิจพลังงาน"
"ปริมาณการนำเข้าก๊าซธรรมชาติ (NG)",2544,9,"ก๊าซธรรมชาติ","เมียนมา",21891,"พันลิตรต่อเดือน","กรมธุรกิจพลังงาน"
"ปริมาณการนำเข้าก๊าซธรรมชาติ (NG)",2544,10,"ก๊าซธรรมชาติ","เมียนมา",21224.5,"พันลิตรต่อเดือน","กรมธุรกิจพลังงาน"
"ปริมาณการนำเข้าก๊าซธรรมชาติ (NG)",2544,11,"ก๊าซธรรมชาติ","เมียนมา",17533.8,"พันลิตรต่อเดือน","กรมธุรกิจพลังงาน"
"ปริมาณการนำเข้าก๊าซธรรมชาติ (NG)",2544,12,"ก๊าซธรรมชาติ","เมียนมา",17943.1,"พันลิตรต่อเดือน","กรมธุรกิจพลังงาน"
"ปริมาณการนำเข้าก๊าซธรรมชาติ (NG)",2545,1,"ก๊าซธรรมชาติ","เมียนมา",19359.2,"พันลิตรต่อเดือน","กรมธุรกิจพลังงาน"
"ปริมาณการนำเข้าก๊าซธรรมชาติ (NG)",2545,2,"ก๊าซธรรมชาติ","เมียนมา",20026.9,"พันลิตรต่อเดือน","กรมธุรกิจพลังงาน"
"ปริมาณการนำเข้าก๊าซธรรมชาติ (NG)",2545,3,"ก๊าซธรรมชาติ","เมียนมา",22563.6,"พันลิตรต่อเดือน","กรมธุรกิจพลังงาน"
"ปริมาณการนำเข้าก๊าซธรรมชาติ (NG)",2545,4,"ก๊าซธรรมชาติ","เมียนมา",19343.8,"พันลิตรต่อเดือน","กรมธุรกิจพลังงาน"
"ปริมาณการนำเข้าก๊าซธรรมชาติ (NG)",2545,5,"ก๊าซธรรมชาติ","เมียนมา",21948.4,"พันลิตรต่อเดือน","กรมธุรกิจพลังงาน"
"ปริมาณการนำเข้าก๊าซธรรมชาติ (NG)",2545,6,"ก๊าซธรรมชาติ","เมียนมา",26689.3,"พันลิตรต่อเดือน","กรมธุรกิจพลังงาน"
"ปริมาณการนำเข้าก๊าซธรรมชาติ (NG)",2545,7,"ก๊าซธรรมชาติ","เมียนมา",26379.2,"พันลิตรต่อเดือน","กรมธุรกิจพลังงาน"
"ปริมาณการนำเข้าก๊าซธรรมชาติ (NG)",2545,8,"ก๊าซธรรมชาติ","เมียนมา",25470.2,"พันลิตรต่อเดือน","กรมธุรกิจพลังงาน"
"ปริมาณการนำเข้าก๊าซธรรมชาติ (NG)",2545,9,"ก๊าซธรรมชาติ","เมียนมา",22679,"พันลิตรต่อเดือน","กรมธุรกิจพลังงาน"
"ปริมาณการนำเข้าก๊าซธรรมชาติ (NG)",2545,10,"ก๊าซธรรมชาติ","เมียนมา",24982,"พันลิตรต่อเดือน","กรมธุรกิจพลังงาน"
"ปริมาณการนำเข้าก๊าซธรรมชาติ (NG)",2545,11,"ก๊าซธรรมชาติ","เมียนมา",25309.9,"พันลิตรต่อเดือน","กรมธุรกิจพลังงาน"
"ปริมาณการนำเข้าก๊าซธรรมชาติ (NG)",2545,12,"ก๊าซธรรมชาติ","เมียนมา",24648.9,"พันลิตรต่อเดือน","กรมธุรกิจพลังงาน"
"ปริมาณการนำเข้าก๊าซธรรมชาติ (NG)",2546,1,"ก๊าซธรรมชาติ","เมียนมา",23676.4,"พันลิตรต่อเดือน","กรมธุรกิจพลังงาน"
"ปริมาณการนำเข้าก๊าซธรรมชาติ (NG)",2546,2,"ก๊าซธรรมชาติ","เมียนมา",21676.4,"พันลิตรต่อเดือน","กรมธุรกิจพลังงาน"
"ปริมาณการนำเข้าก๊าซธรรมชาติ (NG)",2546,3,"ก๊าซธรรมชาติ","เมียนมา",27773.4,"พันลิตรต่อเดือน","กรมธุรกิจพลังงาน"
"ปริมาณการนำเข้าก๊าซธรรมชาติ (NG)",2546,4,"ก๊าซธรรมชาติ","เมียนมา",28202.3,"พันลิตรต่อเดือน","กรมธุรกิจพลังงาน"
"ปริมาณการนำเข้าก๊าซธรรมชาติ (NG)",2546,5,"ก๊าซธรรมชาติ","เมียนมา",28399,"พันลิตรต่อเดือน","กรมธุรกิจพลังงาน"
"ปริมาณการนำเข้าก๊าซธรรมชาติ (NG)",2546,6,"ก๊าซธรรมชาติ","เมียนมา",25989,"พันลิตรต่อเดือน","กรมธุรกิจพลังงาน"
"ปริมาณการนำเข้าก๊าซธรรมชาติ (NG)",2546,7,"ก๊าซธรรมชาติ","เมียนมา",28309,"พันลิตรต่อเดือน","กรมธุรกิจพลังงาน"
"ปริมาณการนำเข้าก๊าซธรรมชาติ (NG)",2546,8,"ก๊าซธรรมชาติ","เมียนมา",27000,"พันลิตรต่อเดือน","กรมธุรกิจพลังงาน"
"ปริมาณการนำเข้าก๊าซธรรมชาติ (NG)",2546,9,"ก๊าซธรรมชาติ","เมียนมา",26739,"พันลิตรต่อเดือน","กรมธุรกิจพลังงาน"
"ปริมาณการนำเข้าก๊าซธรรมชาติ (NG)",2546,10,"ก๊าซธรรมชาติ","เมียนมา",29144,"พันลิตรต่อเดือน","กรมธุรกิจพลังงาน"
"ปริมาณการนำเข้าก๊าซธรรมชาติ (NG)",2546,11,"ก๊าซธรรมชาติ","เมียนมา",24675,"พันลิตรต่อเดือน","กรมธุรกิจพลังงาน"
"ปริมาณการนำเข้าก๊าซธรรมชาติ (NG)",2546,12,"ก๊าซธรรมชาติ","เมียนมา",18585,"พันลิตรต่อเดือน","กรมธุรกิจพลังงาน"
"ปริมาณการนำเข้าก๊าซธรรมชาติ (NG)",2547,1,"ก๊าซธรรมชาติ","เมียนมา",17553,"พันลิตรต่อเดือน","กรมธุรกิจพลังงาน"
"ปริมาณการนำเข้าก๊าซธรรมชาติ (NG)",2547,2,"ก๊าซธรรมชาติ","เมียนมา",20397,"พันลิตรต่อเดือน","กรมธุรกิจพลังงาน"
"ปริมาณการนำเข้าก๊าซธรรมชาติ (NG)",2547,3,"ก๊าซธรรมชาติ","เมียนมา",29628,"พันลิตรต่อเดือน","กรมธุรกิจพลังงาน"
"ปริมาณการนำเข้าก๊าซธรรมชาติ (NG)",2547,4,"ก๊าซธรรมชาติ","เมียนมา",28675,"พันลิตรต่อเดือน","กรมธุรกิจพลังงาน"
"ปริมาณการนำเข้าก๊าซธรรมชาติ (NG)",2547,5,"ก๊าซธรรมชาติ","เมียนมา",29156,"พันลิตรต่อเดือน","กรมธุรกิจพลังงาน"
"ปริมาณการนำเข้าก๊าซธรรมชาติ (NG)",2547,6,"ก๊าซธรรมชาติ","เมียนมา",28314,"พันลิตรต่อเดือน","กรมธุรกิจพลังงาน"
"ปริมาณการนำเข้าก๊าซธรรมชาติ (NG)",2547,7,"ก๊าซธรรมชาติ","เมียนมา",29652,"พันลิตรต่อเดือน","กรมธุรกิจพลังงาน"
"ปริมาณการนำเข้าก๊าซธรรมชาติ (NG)",2547,8,"ก๊าซธรรมชาติ","เมียนมา",29339,"พันลิตรต่อเดือน","กรมธุรกิจพลังงาน"
"ปริมาณการนำเข้าก๊าซธรรมชาติ (NG)",2547,9,"ก๊าซธรรมชาติ","เมียนมา",28651,"พันลิตรต่อเดือน","กรมธุรกิจพลังงาน"
"ปริมาณการนำเข้าก๊าซธรรมชาติ (NG)",2547,10,"ก๊าซธรรมชาติ","เมียนมา",30321,"พันลิตรต่อเดือน","กรมธุรกิจพลังงาน"
"ปริมาณการนำเข้าก๊าซธรรมชาติ (NG)",2547,11,"ก๊าซธรรมชาติ","เมียนมา",29795,"พันลิตรต่อเดือน","กรมธุรกิจพลังงาน"
"ปริมาณการนำเข้าก๊าซธรรมชาติ (NG)",2547,12,"ก๊าซธรรมชาติ","เมียนมา",27935,"พันลิตรต่อเดือน","กรมธุรกิจพลังงาน"
"ปริมาณการนำเข้าก๊าซธรรมชาติ (NG)",2548,1,"ก๊าซธรรมชาติ","เมียนมา",28972,"พันลิตรต่อเดือน","กรมธุรกิจพลังงาน"
"ปริมาณการนำเข้าก๊าซธรรมชาติ (NG)",2548,2,"ก๊าซธรรมชาติ","เมียนมา",29847,"พันลิตรต่อเดือน","กรมธุรกิจพลังงาน"
"ปริมาณการนำเข้าก๊าซธรรมชาติ (NG)",2548,3,"ก๊าซธรรมชาติ","เมียนมา",32752,"พันลิตรต่อเดือน","กรมธุรกิจพลังงาน"
"ปริมาณการนำเข้าก๊าซธรรมชาติ (NG)",2548,4,"ก๊าซธรรมชาติ","เมียนมา",32198,"พันลิตรต่อเดือน","กรมธุรกิจพลังงาน"
"ปริมาณการนำเข้าก๊าซธรรมชาติ (NG)",2548,5,"ก๊าซธรรมชาติ","เมียนมา",33769,"พันลิตรต่อเดือน","กรมธุรกิจพลังงาน"
"ปริมาณการนำเข้าก๊าซธรรมชาติ (NG)",2548,6,"ก๊าซธรรมชาติ","เมียนมา",33015,"พันลิตรต่อเดือน","กรมธุรกิจพลังงาน"
"ปริมาณการนำเข้าก๊าซธรรมชาติ (NG)",2548,7,"ก๊าซธรรมชาติ","เมียนมา",31713,"พันลิตรต่อเดือน","กรมธุรกิจพลังงาน"
"ปริมาณการนำเข้าก๊าซธรรมชาติ (NG)",2548,8,"ก๊าซธรรมชาติ","เมียนมา",32352,"พันลิตรต่อเดือน","กรมธุรกิจพลังงาน"
"ปริมาณการนำเข้าก๊าซธรรมชาติ (NG)",2548,9,"ก๊าซธรรมชาติ","เมียนมา",30057,"พันลิตรต่อเดือน","กรมธุรกิจพลังงาน"
"ปริมาณการนำเข้าก๊าซธรรมชาติ (NG)",2548,10,"ก๊าซธรรมชาติ","เมียนมา",32449,"พันลิตรต่อเดือน","กรมธุรกิจพลังงาน"
"ปริมาณการนำเข้าก๊าซธรรมชาติ (NG)",2548,11,"ก๊าซธรรมชาติ","เมียนมา",30839,"พันลิตรต่อเดือน","กรมธุรกิจพลังงาน"
"ปริมาณการนำเข้าก๊าซธรรมชาติ (NG)",2548,12,"ก๊าซธรรมชาติ","เมียนมา",26632,"พันลิตรต่อเดือน","กรมธุรกิจพลังงาน"
"ปริมาณการนำเข้าก๊าซธรรมชาติ (NG)",2549,1,"ก๊าซธรรมชาติ","เมียนมา",25709,"พันลิตรต่อเดือน","กรมธุรกิจพลังงาน"
"ปริมาณการนำเข้าก๊าซธรรมชาติ (NG)",2549,2,"ก๊าซธรรมชาติ","เมียนมา",25691,"พันลิตรต่อเดือน","กรมธุรกิจพลังงาน"
"ปริมาณการนำเข้าก๊าซธรรมชาติ (NG)",2549,3,"ก๊าซธรรมชาติ","เมียนมา",34490,"พันลิตรต่อเดือน","กรมธุรกิจพลังงาน"
"ปริมาณการนำเข้าก๊าซธรรมชาติ (NG)",2549,4,"ก๊าซธรรมชาติ","เมียนมา",30407,"พันลิตรต่อเดือน","กรมธุรกิจพลังงาน"
"ปริมาณการนำเข้าก๊าซธรรมชาติ (NG)",2549,5,"ก๊าซธรรมชาติ","เมียนมา",35007,"พันลิตรต่อเดือน","กรมธุรกิจพลังงาน"
"ปริมาณการนำเข้าก๊าซธรรมชาติ (NG)",2549,6,"ก๊าซธรรมชาติ","เมียนมา",33809,"พันลิตรต่อเดือน","กรมธุรกิจพลังงาน"
"ปริมาณการนำเข้าก๊าซธรรมชาติ (NG)",2549,7,"ก๊าซธรรมชาติ","เมียนมา",32837,"พันลิตรต่อเดือน","กรมธุรกิจพลังงาน"
"ปริมาณการนำเข้าก๊าซธรรมชาติ (NG)",2549,8,"ก๊าซธรรมชาติ","เมียนมา",34326,"พันลิตรต่อเดือน","กรมธุรกิจพลังงาน"
"ปริมาณการนำเข้าก๊าซธรรมชาติ (NG)",2549,9,"ก๊าซธรรมชาติ","เมียนมา",32763,"พันลิตรต่อเดือน","กรมธุรกิจพลังงาน"
"ปริมาณการนำเข้าก๊าซธรรมชาติ (NG)",2549,10,"ก๊าซธรรมชาติ","เมียนมา",32148,"พันลิตรต่อเดือน","กรมธุรกิจพลังงาน"
"ปริมาณการนำเข้าก๊าซธรรมชาติ (NG)",2549,11,"ก๊าซธรรมชาติ","เมียนมา",33520,"พันลิตรต่อเดือน","กรมธุรกิจพลังงาน"
"ปริมาณการนำเข้าก๊าซธรรมชาติ (NG)",2549,12,"ก๊าซธรรมชาติ","เมียนมา",29455,"พันลิตรต่อเดือน","กรมธุรกิจพลังงาน"
"ปริมาณการนำเข้าก๊าซธรรมชาติ (NG)",2550,1,"ก๊าซธรรมชาติ","เมียนมา",30627,"พันลิตรต่อเดือน","กรมธุรกิจพลังงาน"
"ปริมาณการนำเข้าก๊าซธรรมชาติ (NG)",2550,2,"ก๊าซธรรมชาติ","เมียนมา",29424,"พันลิตรต่อเดือน","กรมธุรกิจพลังงาน"
"ปริมาณการนำเข้าก๊าซธรรมชาติ (NG)",2550,3,"ก๊าซธรรมชาติ","เมียนมา",35506,"พันลิตรต่อเดือน","กรมธุรกิจพลังงาน"
"ปริมาณการนำเข้าก๊าซธรรมชาติ (NG)",2550,4,"ก๊าซธรรมชาติ","เมียนมา",30812,"พันลิตรต่อเดือน","กรมธุรกิจพลังงาน"
"ปริมาณการนำเข้าก๊าซธรรมชาติ (NG)",2550,5,"ก๊าซธรรมชาติ","เมียนมา",35305,"พันลิตรต่อเดือน","กรมธุรกิจพลังงาน"
"ปริมาณการนำเข้าก๊าซธรรมชาติ (NG)",2550,6,"ก๊าซธรรมชาติ","เมียนมา",34426,"พันลิตรต่อเดือน","กรมธุรกิจพลังงาน"
"ปริมาณการนำเข้าก๊าซธรรมชาติ (NG)",2550,7,"ก๊าซธรรมชาติ","เมียนมา",19952,"พันลิตรต่อเดือน","กรมธุรกิจพลังงาน"
"ปริมาณการนำเข้าก๊าซธรรมชาติ (NG)",2550,8,"ก๊าซธรรมชาติ","เมียนมา",20270,"พันลิตรต่อเดือน","กรมธุรกิจพลังงาน"
"ปริมาณการนำเข้าก๊าซธรรมชาติ (NG)",2550,9,"ก๊าซธรรมชาติ","เมียนมา",21010,"พันลิตรต่อเดือน","กรมธุรกิจพลังงาน"
"ปริมาณการนำเข้าก๊าซธรรมชาติ (NG)",2550,10,"ก๊าซธรรมชาติ","เมียนมา",57381,"พันลิตรต่อเดือน","กรมธุรกิจพลังงาน"
"ปริมาณการนำเข้าก๊าซธรรมชาติ (NG)",2550,11,"ก๊าซธรรมชาติ","เมียนมา",54198,"พันลิตรต่อเดือน","กรมธุรกิจพลังงาน"
"ปริมาณการนำเข้าก๊าซธรรมชาติ (NG)",2550,12,"ก๊าซธรรมชาติ","เมียนมา",30.5,"พันลิตรต่อเดือน","กรมธุรกิจพลังงาน"
"ปริมาณการนำเข้าก๊าซธรรมชาติ (NG)",2551,1,"ก๊าซธรรมชาติ","เมียนมา",29033,"พันลิตรต่อเดือน","กรมธุรกิจพลังงาน"
"ปริมาณการนำเข้าก๊าซธรรมชาติ (NG)",2551,2,"ก๊าซธรรมชาติ","เมียนมา",32302,"พันลิตรต่อเดือน","กรมธุรกิจพลังงาน"
"ปริมาณการนำเข้าก๊าซธรรมชาติ (NG)",2551,3,"ก๊าซธรรมชาติ","เมียนมา",36209,"พันลิตรต่อเดือน","กรมธุรกิจพลังงาน"
"ปริมาณการนำเข้าก๊าซธรรมชาติ (NG)",2551,4,"ก๊าซธรรมชาติ","เมียนมา",25678,"พันลิตรต่อเดือน","กรมธุรกิจพลังงาน"
"ปริมาณการนำเข้าก๊าซธรรมชาติ (NG)",2551,5,"ก๊าซธรรมชาติ","เมียนมา",30752,"พันลิตรต่อเดือน","กรมธุรกิจพลังงาน"
"ปริมาณการนำเข้าก๊าซธรรมชาติ (NG)",2551,6,"ก๊าซธรรมชาติ","เมียนมา",29703,"พันลิตรต่อเดือน","กรมธุรกิจพลังงาน"
"ปริมาณการนำเข้าก๊าซธรรมชาติ (NG)",2551,7,"ก๊าซธรรมชาติ","เมียนมา",32170,"พันลิตรต่อเดือน","กรมธุรกิจพลังงาน"
"ปริมาณการนำเข้าก๊าซธรรมชาติ (NG)",2551,8,"ก๊าซธรรมชาติ","เมียนมา",32904,"พันลิตรต่อเดือน","กรมธุรกิจพลังงาน"
"ปริมาณการนำเข้าก๊าซธรรมชาติ (NG)",2551,9,"ก๊าซธรรมชาติ","เมียนมา",32835,"พันลิตรต่อเดือน","กรมธุรกิจพลังงาน"
"ปริมาณการนำเข้าก๊าซธรรมชาติ (NG)",2551,10,"ก๊าซธรรมชาติ","เมียนมา",31728,"พันลิตรต่อเดือน","กรมธุรกิจพลังงาน"
"ปริมาณการนำเข้าก๊าซธรรมชาติ (NG)",2551,11,"ก๊าซธรรมชาติ","เมียนมา",26469,"พันลิตรต่อเดือน","กรมธุรกิจพลังงาน"
"ปริมาณการนำเข้าก๊าซธรรมชาติ (NG)",2551,12,"ก๊าซธรรมชาติ","เมียนมา",23954,"พันลิตรต่อเดือน","กรมธุรกิจพลังงาน"
"ปริมาณการนำเข้าก๊าซธรรมชาติ (NG)",2552,1,"ก๊าซธรรมชาติ","เมียนมา",11959,"พันลิตรต่อเดือน","กรมธุรกิจพลังงาน"
"ปริมาณการนำเข้าก๊าซธรรมชาติ (NG)",2552,2,"ก๊าซธรรมชาติ","เมียนมา",25063.2,"พันลิตรต่อเดือน","กรมธุรกิจพลังงาน"
"ปริมาณการนำเข้าก๊าซธรรมชาติ (NG)",2552,3,"ก๊าซธรรมชาติ","เมียนมา",24588.1,"พันลิตรต่อเดือน","กรมธุรกิจพลังงาน"
"ปริมาณการนำเข้าก๊าซธรรมชาติ (NG)",2552,4,"ก๊าซธรรมชาติ","เมียนมา",28483.1,"พันลิตรต่อเดือน","กรมธุรกิจพลังงาน"
"ปริมาณการนำเข้าก๊าซธรรมชาติ (NG)",2552,5,"ก๊าซธรรมชาติ","เมียนมา",33425,"พันลิตรต่อเดือน","กรมธุรกิจพลังงาน"
"ปริมาณการนำเข้าก๊าซธรรมชาติ (NG)",2552,6,"ก๊าซธรรมชาติ","เมียนมา",33259,"พันลิตรต่อเดือน","กรมธุรกิจพลังงาน"
"ปริมาณการนำเข้าก๊าซธรรมชาติ (NG)",2552,7,"ก๊าซธรรมชาติ","เมียนมา",31839,"พันลิตรต่อเดือน","กรมธุรกิจพลังงาน"
"ปริมาณการนำเข้าก๊าซธรรมชาติ (NG)",2552,8,"ก๊าซธรรมชาติ","เมียนมา",34883,"พันลิตรต่อเดือน","กรมธุรกิจพลังงาน"
"ปริมาณการนำเข้าก๊าซธรรมชาติ (NG)",2552,9,"ก๊าซธรรมชาติ","เมียนมา",33234,"พันลิตรต่อเดือน","กรมธุรกิจพลังงาน"
"ปริมาณการนำเข้าก๊าซธรรมชาติ (NG)",2552,10,"ก๊าซธรรมชาติ","เมียนมา",36007.3,"พันลิตรต่อเดือน","กรมธุรกิจพลังงาน"
"ปริมาณการนำเข้าก๊าซธรรมชาติ (NG)",2552,11,"ก๊าซธรรมชาติ","เมียนมา",33623.5,"พันลิตรต่อเดือน","กรมธุรกิจพลังงาน"
"ปริมาณการนำเข้าก๊าซธรรมชาติ (NG)",2552,12,"ก๊าซธรรมชาติ","เมียนมา",22950.8,"พันลิตรต่อเดือน","กรมธุรกิจพลังงาน"
"ปริมาณการนำเข้าก๊าซธรรมชาติ (NG)",2553,1,"ก๊าซธรรมชาติ","เมียนมา",28262,"พันลิตรต่อเดือน","กรมธุรกิจพลังงาน"
"ปริมาณการนำเข้าก๊าซธรรมชาติ (NG)",2553,2,"ก๊าซธรรมชาติ","เมียนมา",32813,"พันลิตรต่อเดือน","กรมธุรกิจพลังงาน"
"ปริมาณการนำเข้าก๊าซธรรมชาติ (NG)",2553,3,"ก๊าซธรรมชาติ","เมียนมา",25094,"พันลิตรต่อเดือน","กรมธุรกิจพลังงาน"
"ปริมาณการนำเข้าก๊าซธรรมชาติ (NG)",2553,4,"ก๊าซธรรมชาติ","เมียนมา",32477,"พันลิตรต่อเดือน","กรมธุรกิจพลังงาน"
"ปริมาณการนำเข้าก๊าซธรรมชาติ (NG)",2553,5,"ก๊าซธรรมชาติ","เมียนมา",34624,"พันลิตรต่อเดือน","กรมธุรกิจพลังงาน"
"ปริมาณการนำเข้าก๊าซธรรมชาติ (NG)",2553,6,"ก๊าซธรรมชาติ","เมียนมา",30996,"พันลิตรต่อเดือน","กรมธุรกิจพลังงาน"
"ปริมาณการนำเข้าก๊าซธรรมชาติ (NG)",2553,7,"ก๊าซธรรมชาติ","เมียนมา",33369,"พันลิตรต่อเดือน","กรมธุรกิจพลังงาน"
"ปริมาณการนำเข้าก๊าซธรรมชาติ (NG)",2553,8,"ก๊าซธรรมชาติ","เมียนมา",31400,"พันลิตรต่อเดือน","กรมธุรกิจพลังงาน"
"ปริมาณการนำเข้าก๊าซธรรมชาติ (NG)",2553,9,"ก๊าซธรรมชาติ","เมียนมา",33035.3,"พันลิตรต่อเดือน","กรมธุรกิจพลังงาน"
"ปริมาณการนำเข้าก๊าซธรรมชาติ (NG)",2553,10,"ก๊าซธรรมชาติ","เมียนมา",31249.3,"พันลิตรต่อเดือน","กรมธุรกิจพลังงาน"
"ปริมาณการนำเข้าก๊าซธรรมชาติ (NG)",2553,11,"ก๊าซธรรมชาติ","เมียนมา",28175,"พันลิตรต่อเดือน","กรมธุรกิจพลังงาน"
"ปริมาณการนำเข้าก๊าซธรรมชาติ (NG)",2553,12,"ก๊าซธรรมชาติ","เมียนมา",30305.4,"พันลิตรต่อเดือน","กรมธุรกิจพลังงาน"
"ปริมาณการนำเข้าก๊าซธรรมชาติ (NG)",2554,1,"ก๊าซธรรมชาติ","เมียนมา",22877.3,"พันลิตรต่อเดือน","กรมธุรกิจพลังงาน"
"ปริมาณการนำเข้าก๊าซธรรมชาติ (NG)",2554,2,"ก๊าซธรรมชาติ","เมียนมา",26280,"พันลิตรต่อเดือน","กรมธุรกิจพลังงาน"
"ปริมาณการนำเข้าก๊าซธรรมชาติ (NG)",2554,3,"ก๊าซธรรมชาติ","เมียนมา",30920,"พันลิตรต่อเดือน","กรมธุรกิจพลังงาน"
"ปริมาณการนำเข้าก๊าซธรรมชาติ (NG)",2554,4,"ก๊าซธรรมชาติ","เมียนมา",31044,"พันลิตรต่อเดือน","กรมธุรกิจพลังงาน"
"ปริมาณการนำเข้าก๊าซธรรมชาติ (NG)",2554,5,"ก๊าซธรรมชาติ","เมียนมา",35328.4,"พันลิตรต่อเดือน","กรมธุรกิจพลังงาน"
"ปริมาณการนำเข้าก๊าซธรรมชาติ (NG)",2554,6,"ก๊าซธรรมชาติ","เมียนมา",34304.4,"พันลิตรต่อเดือน","กรมธุรกิจพลังงาน"
"ปริมาณการนำเข้าก๊าซธรรมชาติ (NG)",2554,7,"ก๊าซธรรมชาติ","เมียนมา",35815.7,"พันลิตรต่อเดือน","กรมธุรกิจพลังงาน"
"ปริมาณการนำเข้าก๊าซธรรมชาติ (NG)",2554,8,"ก๊าซธรรมชาติ","เมียนมา",34557,"พันลิตรต่อเดือน","กรมธุรกิจพลังงาน"
"ปริมาณการนำเข้าก๊าซธรรมชาติ (NG)",2554,9,"ก๊าซธรรมชาติ","เมียนมา",34605.2,"พันลิตรต่อเดือน","กรมธุรกิจพลังงาน"
"ปริมาณการนำเข้าก๊าซธรรมชาติ (NG)",2554,10,"ก๊าซธรรมชาติ","เมียนมา",27051.4,"พันลิตรต่อเดือน","กรมธุรกิจพลังงาน"
"ปริมาณการนำเข้าก๊าซธรรมชาติ (NG)",2554,11,"ก๊าซธรรมชาติ","เมียนมา",25951.9,"พันลิตรต่อเดือน","กรมธุรกิจพลังงาน"
"ปริมาณการนำเข้าก๊าซธรรมชาติ (NG)",2554,12,"ก๊าซธรรมชาติ","เมียนมา",22738.8,"พันลิตรต่อเดือน","กรมธุรกิจพลังงาน"
"ปริมาณการนำเข้าก๊าซธรรมชาติ (NG)",2555,1,"ก๊าซธรรมชาติ","ไทย",7.6,"พันลิตรต่อเดือน","กรมธุรกิจพลังงาน"
"ปริมาณการนำเข้าก๊าซธรรมชาติ (NG)",2555,1,"ก๊าซธรรมชาติ","เมียนมา",21808.8,"พันลิตรต่อเดือน","กรมธุรกิจพลังงาน"
"ปริมาณการนำเข้าก๊าซธรรมชาติ (NG)",2555,2,"ก๊าซธรรมชาติ","เมียนมา",27685,"พันลิตรต่อเดือน","กรมธุรกิจพลังงาน"
"ปริมาณการนำเข้าก๊าซธรรมชาติ (NG)",2555,2,"ก๊าซธรรมชาติ","ไทย",6366,"พันลิตรต่อเดือน","กรมธุรกิจพลังงาน"
"ปริมาณการนำเข้าก๊าซธรรมชาติ (NG)",2555,3,"ก๊าซธรรมชาติ","เมียนมา",34094.4,"พันลิตรต่อเดือน","กรมธุรกิจพลังงาน"
"ปริมาณการนำเข้าก๊าซธรรมชาติ (NG)",2555,3,"ก๊าซธรรมชาติ","ไทย",8391,"พันลิตรต่อเดือน","กรมธุรกิจพลังงาน"
"ปริมาณการนำเข้าก๊าซธรรมชาติ (NG)",2555,4,"ก๊าซธรรมชาติ","ไทย",6790,"พันลิตรต่อเดือน","กรมธุรกิจพลังงาน"
"ปริมาณการนำเข้าก๊าซธรรมชาติ (NG)",2555,4,"ก๊าซธรรมชาติ","เมียนมา",20444.9,"พันลิตรต่อเดือน","กรมธุรกิจพลังงาน"
"ปริมาณการนำเข้าก๊าซธรรมชาติ (NG)",2555,5,"ก๊าซธรรมชาติ","เมียนมา",30747,"พันลิตรต่อเดือน","กรมธุรกิจพลังงาน"
"ปริมาณการนำเข้าก๊าซธรรมชาติ (NG)",2555,5,"ก๊าซธรรมชาติ","ไทย",15.3,"พันลิตรต่อเดือน","กรมธุรกิจพลังงาน"
"ปริมาณการนำเข้าก๊าซธรรมชาติ (NG)",2555,6,"ก๊าซธรรมชาติ","เมียนมา",33688.3,"พันลิตรต่อเดือน","กรมธุรกิจพลังงาน"
"ปริมาณการนำเข้าก๊าซธรรมชาติ (NG)",2555,6,"ก๊าซธรรมชาติ","ไทย",6.8,"พันลิตรต่อเดือน","กรมธุรกิจพลังงาน"
"ปริมาณการนำเข้าก๊าซธรรมชาติ (NG)",2555,7,"ก๊าซธรรมชาติ","ไทย",7.2,"พันลิตรต่อเดือน","กรมธุรกิจพลังงาน"
"ปริมาณการนำเข้าก๊าซธรรมชาติ (NG)",2555,7,"ก๊าซธรรมชาติ","เมียนมา",31400,"พันลิตรต่อเดือน","กรมธุรกิจพลังงาน"
"ปริมาณการนำเข้าก๊าซธรรมชาติ (NG)",2555,8,"ก๊าซธรรมชาติ","เมียนมา",32240.5,"พันลิตรต่อเดือน","กรมธุรกิจพลังงาน"
"ปริมาณการนำเข้าก๊าซธรรมชาติ (NG)",2555,8,"ก๊าซธรรมชาติ","ไทย",6,"พันลิตรต่อเดือน","กรมธุรกิจพลังงาน"
"ปริมาณการนำเข้าก๊าซธรรมชาติ (NG)",2555,9,"ก๊าซธรรมชาติ","เมียนมา",27726.1,"พันลิตรต่อเดือน","กรมธุรกิจพลังงาน"
"ปริมาณการนำเข้าก๊าซธรรมชาติ (NG)",2555,9,"ก๊าซธรรมชาติ","ไทย",7918,"พันลิตรต่อเดือน","กรมธุรกิจพลังงาน"
"ปริมาณการนำเข้าก๊าซธรรมชาติ (NG)",2555,10,"ก๊าซธรรมชาติ","เมียนมา",34497.5,"พันลิตรต่อเดือน","กรมธุรกิจพลังงาน"
"ปริมาณการนำเข้าก๊าซธรรมชาติ (NG)",2555,10,"ก๊าซธรรมชาติ","ไทย",6.6,"พันลิตรต่อเดือน","กรมธุรกิจพลังงาน"
"ปริมาณการนำเข้าก๊าซธรรมชาติ (NG)",2555,11,"ก๊าซธรรมชาติ","ไทย",8593,"พันลิตรต่อเดือน","กรมธุรกิจพลังงาน"
"ปริมาณการนำเข้าก๊าซธรรมชาติ (NG)",2555,11,"ก๊าซธรรมชาติ","เมียนมา",33030.4,"พันลิตรต่อเดือน","กรมธุรกิจพลังงาน"
"ปริมาณการนำเข้าก๊าซธรรมชาติ (NG)",2555,12,"ก๊าซธรรมชาติ","ไทย",7009,"พันลิตรต่อเดือน","กรมธุรกิจพลังงาน"
"ปริมาณการนำเข้าก๊าซธรรมชาติ (NG)",2555,12,"ก๊าซธรรมชาติ","เมียนมา",31018,"พันลิตรต่อเดือน","กรมธุรกิจพลังงาน"
"ปริมาณการนำเข้าก๊าซธรรมชาติ (NG)",2556,1,"ก๊าซธรรมชาติ","เมียนมา",29881.6,"พันลิตรต่อเดือน","กรมธุรกิจพลังงาน"
"ปริมาณการนำเข้าก๊าซธรรมชาติ (NG)",2556,2,"ก๊าซธรรมชาติ","เมียนมา",24133.9,"พันลิตรต่อเดือน","กรมธุรกิจพลังงาน"
"ปริมาณการนำเข้าก๊าซธรรมชาติ (NG)",2556,3,"ก๊าซธรรมชาติ","เมียนมา",33347.8,"พันลิตรต่อเดือน","กรมธุรกิจพลังงาน"
"ปริมาณการนำเข้าก๊าซธรรมชาติ (NG)",2556,4,"ก๊าซธรรมชาติ","เมียนมา",21267,"พันลิตรต่อเดือน","กรมธุรกิจพลังงาน"
"ปริมาณการนำเข้าก๊าซธรรมชาติ (NG)",2556,5,"ก๊าซธรรมชาติ","เมียนมา",31958.6,"พันลิตรต่อเดือน","กรมธุรกิจพลังงาน"
"ปริมาณการนำเข้าก๊าซธรรมชาติ (NG)",2556,6,"ก๊าซธรรมชาติ","เมียนมา",29409,"พันลิตรต่อเดือน","กรมธุรกิจพลังงาน"
"ปริมาณการนำเข้าก๊าซธรรมชาติ (NG)",2556,7,"ก๊าซธรรมชาติ","เมียนมา",30153.6,"พันลิตรต่อเดือน","กรมธุรกิจพลังงาน"
"ปริมาณการนำเข้าก๊าซธรรมชาติ (NG)",2556,8,"ก๊าซธรรมชาติ","เมียนมา",31558.8,"พันลิตรต่อเดือน","กรมธุรกิจพลังงาน"
"ปริมาณการนำเข้าก๊าซธรรมชาติ (NG)",2556,9,"ก๊าซธรรมชาติ","เมียนมา",31866.4,"พันลิตรต่อเดือน","กรมธุรกิจพลังงาน"
"ปริมาณการนำเข้าก๊าซธรรมชาติ (NG)",2556,10,"ก๊าซธรรมชาติ","เมียนมา",33352,"พันลิตรต่อเดือน","กรมธุรกิจพลังงาน"
"ปริมาณการนำเข้าก๊าซธรรมชาติ (NG)",2556,11,"ก๊าซธรรมชาติ","เมียนมา",32734.9,"พันลิตรต่อเดือน","กรมธุรกิจพลังงาน"
"ปริมาณการนำเข้าก๊าซธรรมชาติ (NG)",2556,12,"ก๊าซธรรมชาติ","เมียนมา",27841,"พันลิตรต่อเดือน","กรมธุรกิจพลังงาน"
"ปริมาณการนำเข้าก๊าซธรรมชาติ (NG)",2557,1,"ก๊าซธรรมชาติ","เมียนมา",11705,"พันลิตรต่อเดือน","กรมธุรกิจพลังงาน"
"ปริมาณการนำเข้าก๊าซธรรมชาติ (NG)",2557,2,"ก๊าซธรรมชาติ","เมียนมา",24884,"พันลิตรต่อเดือน","กรมธุรกิจพลังงาน"
"ปริมาณการนำเข้าก๊าซธรรมชาติ (NG)",2557,3,"ก๊าซธรรมชาติ","เมียนมา",29285.7,"พันลิตรต่อเดือน","กรมธุรกิจพลังงาน"
"ปริมาณการนำเข้าก๊าซธรรมชาติ (NG)",2557,4,"ก๊าซธรรมชาติ","เมียนมา",28243,"พันลิตรต่อเดือน","กรมธุรกิจพลังงาน"
"ปริมาณการนำเข้าก๊าซธรรมชาติ (NG)",2557,5,"ก๊าซธรรมชาติ","เมียนมา",30548.6,"พันลิตรต่อเดือน","กรมธุรกิจพลังงาน"
"ปริมาณการนำเข้าก๊าซธรรมชาติ (NG)",2557,6,"ก๊าซธรรมชาติ","เมียนมา",28383.2,"พันลิตรต่อเดือน","กรมธุรกิจพลังงาน"
"ปริมาณการนำเข้าก๊าซธรรมชาติ (NG)",2557,7,"ก๊าซธรรมชาติ","เมียนมา",27599.2,"พันลิตรต่อเดือน","กรมธุรกิจพลังงาน"
"ปริมาณการนำเข้าก๊าซธรรมชาติ (NG)",2557,8,"ก๊าซธรรมชาติ","เมียนมา",37854.1,"พันลิตรต่อเดือน","กรมธุรกิจพลังงาน"
"ปริมาณการนำเข้าก๊าซธรรมชาติ (NG)",2557,9,"ก๊าซธรรมชาติ","เมียนมา",39803.8,"พันลิตรต่อเดือน","กรมธุรกิจพลังงาน"
"ปริมาณการนำเข้าก๊าซธรรมชาติ (NG)",2557,10,"ก๊าซธรรมชาติ","เมียนมา",38302.6,"พันลิตรต่อเดือน","กรมธุรกิจพลังงาน"
"ปริมาณการนำเข้าก๊าซธรรมชาติ (NG)",2557,11,"ก๊าซธรรมชาติ","เมียนมา",38677.8,"พันลิตรต่อเดือน","กรมธุรกิจพลังงาน"
"ปริมาณการนำเข้าก๊าซธรรมชาติ (NG)",2557,12,"ก๊าซธรรมชาติ","เมียนมา",34911.8,"พันลิตรต่อเดือน","กรมธุรกิจพลังงาน"
"ปริมาณการนำเข้าก๊าซธรรมชาติ (NG)",2558,1,"ก๊าซธรรมชาติ","เมียนมา",34206.5,"พันลิตรต่อเดือน","กรมธุรกิจพลังงาน"
"ปริมาณการนำเข้าก๊าซธรรมชาติ (NG)",2558,2,"ก๊าซธรรมชาติ","เมียนมา",33727,"พันลิตรต่อเดือน","กรมธุรกิจพลังงาน"
"ปริมาณการนำเข้าก๊าซธรรมชาติ (NG)",2558,3,"ก๊าซธรรมชาติ","เมียนมา",38451.2,"พันลิตรต่อเดือน","กรมธุรกิจพลังงาน"
"ปริมาณการนำเข้าก๊าซธรรมชาติ (NG)",2558,4,"ก๊าซธรรมชาติ","เมียนมา",21176,"พันลิตรต่อเดือน","กรมธุรกิจพลังงาน"
"ปริมาณการนำเข้าก๊าซธรรมชาติ (NG)",2558,5,"ก๊าซธรรมชาติ","เมียนมา",39047,"พันลิตรต่อเดือน","กรมธุรกิจพลังงาน"
"ปริมาณการนำเข้าก๊าซธรรมชาติ (NG)",2558,6,"ก๊าซธรรมชาติ","เมียนมา",37793.1,"พันลิตรต่อเดือน","กรมธุรกิจพลังงาน"
"ปริมาณการนำเข้าก๊าซธรรมชาติ (NG)",2558,7,"ก๊าซธรรมชาติ","เมียนมา",39055.2,"พันลิตรต่อเดือน","กรมธุรกิจพลังงาน"
"ปริมาณการนำเข้าก๊าซธรรมชาติ (NG)",2558,8,"ก๊าซธรรมชาติ","เมียนมา",37919.5,"พันลิตรต่อเดือน","กรมธุรกิจพลังงาน"
"ปริมาณการนำเข้าก๊าซธรรมชาติ (NG)",2558,9,"ก๊าซธรรมชาติ","เมียนมา",36083,"พันลิตรต่อเดือน","กรมธุรกิจพลังงาน"
"ปริมาณการนำเข้าก๊าซธรรมชาติ (NG)",2558,10,"ก๊าซธรรมชาติ","เมียนมา",31037.8,"พันลิตรต่อเดือน","กรมธุรกิจพลังงาน"
"ปริมาณการนำเข้าก๊าซธรรมชาติ (NG)",2558,11,"ก๊าซธรรมชาติ","เมียนมา",30728,"พันลิตรต่อเดือน","กรมธุรกิจพลังงาน"
"ปริมาณการนำเข้าก๊าซธรรมชาติ (NG)",2558,12,"ก๊าซธรรมชาติ","เมียนมา",31524.2,"พันลิตรต่อเดือน","กรมธุรกิจพลังงาน"
"ปริมาณการนำเข้าก๊าซธรรมชาติ (NG)",2559,1,"ก๊าซธรรมชาติ","เมียนมา",32529.6,"พันลิตรต่อเดือน","กรมธุรกิจพลังงาน"
"ปริมาณการนำเข้าก๊าซธรรมชาติ (NG)",2559,2,"ก๊าซธรรมชาติ","เมียนมา",26938.2,"พันลิตรต่อเดือน","กรมธุรกิจพลังงาน"
"ปริมาณการนำเข้าก๊าซธรรมชาติ (NG)",2559,3,"ก๊าซธรรมชาติ","เมียนมา",29581.9,"พันลิตรต่อเดือน","กรมธุรกิจพลังงาน"
"ปริมาณการนำเข้าก๊าซธรรมชาติ (NG)",2559,4,"ก๊าซธรรมชาติ","เมียนมา",30454.4,"พันลิตรต่อเดือน","กรมธุรกิจพลังงาน"
"ปริมาณการนำเข้าก๊าซธรรมชาติ (NG)",2559,5,"ก๊าซธรรมชาติ","เมียนมา",36050.8,"พันลิตรต่อเดือน","กรมธุรกิจพลังงาน"
"ปริมาณการนำเข้าก๊าซธรรมชาติ (NG)",2559,6,"ก๊าซธรรมชาติ","เมียนมา",33302.2,"พันลิตรต่อเดือน","กรมธุรกิจพลังงาน"
"ปริมาณการนำเข้าก๊าซธรรมชาติ (NG)",2559,7,"ก๊าซธรรมชาติ","เมียนมา",28028.9,"พันลิตรต่อเดือน","กรมธุรกิจพลังงาน"
"ปริมาณการนำเข้าก๊าซธรรมชาติ (NG)",2559,8,"ก๊าซธรรมชาติ","เมียนมา",34312.4,"พันลิตรต่อเดือน","กรมธุรกิจพลังงาน"
"ปริมาณการนำเข้าก๊าซธรรมชาติ (NG)",2559,9,"ก๊าซธรรมชาติ","เมียนมา",34646.6,"พันลิตรต่อเดือน","กรมธุรกิจพลังงาน"
"ปริมาณการนำเข้าก๊าซธรรมชาติ (NG)",2559,10,"ก๊าซธรรมชาติ","เมียนมา",35923,"พันลิตรต่อเดือน","กรมธุรกิจพลังงาน"
"ปริมาณการนำเข้าก๊าซธรรมชาติ (NG)",2559,11,"ก๊าซธรรมชาติ","เมียนมา",31766.9,"พันลิตรต่อเดือน","กรมธุรกิจพลังงาน"
"ปริมาณการนำเข้าก๊าซธรรมชาติ (NG)",2559,12,"ก๊าซธรรมชาติ","เมียนมา",29275.2,"พันลิตรต่อเดือน","กรมธุรกิจพลังงาน"
"ปริมาณการนำเข้าก๊าซธรรมชาติ (NG)",2560,1,"ก๊าซธรรมชาติ","เมียนมา",32615.2,"พันลิตรต่อเดือน","กรมธุรกิจพลังงาน"
"ปริมาณการนำเข้าก๊าซธรรมชาติ (NG)",2560,2,"ก๊าซธรรมชาติ","เมียนมา",24544.1,"พันลิตรต่อเดือน","กรมธุรกิจพลังงาน"
"ปริมาณการนำเข้าก๊าซธรรมชาติ (NG)",2560,3,"ก๊าซธรรมชาติ","เมียนมา",27236.5,"พันลิตรต่อเดือน","กรมธุรกิจพลังงาน"
"ปริมาณการนำเข้าก๊าซธรรมชาติ (NG)",2560,4,"ก๊าซธรรมชาติ","เมียนมา",27784.6,"พันลิตรต่อเดือน","กรมธุรกิจพลังงาน"
"ปริมาณการนำเข้าก๊าซธรรมชาติ (NG)",2560,5,"ก๊าซธรรมชาติ","เมียนมา",34578.8,"พันลิตรต่อเดือน","กรมธุรกิจพลังงาน"
"ปริมาณการนำเข้าก๊าซธรรมชาติ (NG)",2560,6,"ก๊าซธรรมชาติ","เมียนมา",33580.9,"พันลิตรต่อเดือน","กรมธุรกิจพลังงาน"
"ปริมาณการนำเข้าก๊าซธรรมชาติ (NG)",2560,7,"ก๊าซธรรมชาติ","เมียนมา",36006,"พันลิตรต่อเดือน","กรมธุรกิจพลังงาน"
"ปริมาณการนำเข้าก๊าซธรรมชาติ (NG)",2560,8,"ก๊าซธรรมชาติ","เมียนมา",34620.4,"พันลิตรต่อเดือน","กรมธุรกิจพลังงาน"
"ปริมาณการนำเข้าก๊าซธรรมชาติ (NG)",2560,9,"ก๊าซธรรมชาติ","เมียนมา",32511.3,"พันลิตรต่อเดือน","กรมธุรกิจพลังงาน"
"ปริมาณการนำเข้าก๊าซธรรมชาติ (NG)",2560,10,"ก๊าซธรรมชาติ","เมียนมา",30820.8,"พันลิตรต่อเดือน","กรมธุรกิจพลังงาน"
"ปริมาณการนำเข้าก๊าซธรรมชาติ (NG)",2560,11,"ก๊าซธรรมชาติ","เมียนมา",29137.7,"พันลิตรต่อเดือน","กรมธุรกิจพลังงาน"
"ปริมาณการนำเข้าก๊าซธรรมชาติ (NG)",2560,12,"ก๊าซธรรมชาติ","เมียนมา",29313.5,"พันลิตรต่อเดือน","กรมธุรกิจพลังงาน"
"ปริมาณการนำเข้าก๊าซธรรมชาติ (NG)",2561,1,"ก๊าซธรรมชาติ","เมียนมา",25539.7,"พันลิตรต่อเดือน","กรมธุรกิจพลังงาน"
"ปริมาณการนำเข้าก๊าซธรรมชาติ (NG)",2561,2,"ก๊าซธรรมชาติ","เมียนมา",24482.3,"พันลิตรต่อเดือน","กรมธุรกิจพลังงาน"
"ปริมาณการนำเข้าก๊าซธรรมชาติ (NG)",2561,3,"ก๊าซธรรมชาติ","เมียนมา",34173.2,"พันลิตรต่อเดือน","กรมธุรกิจพลังงาน"
"ปริมาณการนำเข้าก๊าซธรรมชาติ (NG)",2561,4,"ก๊าซธรรมชาติ","เมียนมา",28133.5,"พันลิตรต่อเดือน","กรมธุรกิจพลังงาน"
"ปริมาณการนำเข้าก๊าซธรรมชาติ (NG)",2561,5,"ก๊าซธรรมชาติ","เมียนมา",33477.9,"พันลิตรต่อเดือน","กรมธุรกิจพลังงาน"
"ปริมาณการนำเข้าก๊าซธรรมชาติ (NG)",2561,6,"ก๊าซธรรมชาติ","เมียนมา",32568.8,"พันลิตรต่อเดือน","กรมธุรกิจพลังงาน"
"ปริมาณการนำเข้าก๊าซธรรมชาติ (NG)",2561,7,"ก๊าซธรรมชาติ","เมียนมา",31764.4,"พันลิตรต่อเดือน","กรมธุรกิจพลังงาน"
"ปริมาณการนำเข้าก๊าซธรรมชาติ (NG)",2561,8,"ก๊าซธรรมชาติ","เมียนมา",31171,"พันลิตรต่อเดือน","กรมธุรกิจพลังงาน"
"ปริมาณการนำเข้าก๊าซธรรมชาติ (NG)",2561,9,"ก๊าซธรรมชาติ","เมียนมา",30696.8,"พันลิตรต่อเดือน","กรมธุรกิจพลังงาน"
"ปริมาณการนำเข้าก๊าซธรรมชาติ (NG)",2561,10,"ก๊าซธรรมชาติ","เมียนมา",30029.1,"พันลิตรต่อเดือน","กรมธุรกิจพลังงาน"
"ปริมาณการนำเข้าก๊าซธรรมชาติ (NG)",2561,11,"ก๊าซธรรมชาติ","เมียนมา",28706.7,"พันลิตรต่อเดือน","กรมธุรกิจพลังงาน"
"ปริมาณการนำเข้าก๊าซธรรมชาติ (NG)",2561,12,"ก๊าซธรรมชาติ","เมียนมา",24064.8,"พันลิตรต่อเดือน","กรมธุรกิจพลังงาน"
"ปริมาณการนำเข้าก๊าซธรรมชาติ (NG)",2562,1,"ก๊าซธรรมชาติ","เมียนมา",23913.8,"พันลิตรต่อเดือน","กรมธุรกิจพลังงาน"
"ปริมาณการนำเข้าก๊าซธรรมชาติ (NG)",2562,2,"ก๊าซธรรมชาติ","เมียนมา",28194.5,"พันลิตรต่อเดือน","กรมธุรกิจพลังงาน"
"ปริมาณการนำเข้าก๊าซธรรมชาติ (NG)",2562,3,"ก๊าซธรรมชาติ","เมียนมา",30860.2,"พันลิตรต่อเดือน","กรมธุรกิจพลังงาน"
"ปริมาณการนำเข้าก๊าซธรรมชาติ (NG)",2562,4,"ก๊าซธรรมชาติ","เมียนมา",27298.6,"พันลิตรต่อเดือน","กรมธุรกิจพลังงาน"
"ปริมาณการนำเข้าก๊าซธรรมชาติ (NG)",2562,5,"ก๊าซธรรมชาติ","เมียนมา",31837.5,"พันลิตรต่อเดือน","กรมธุรกิจพลังงาน"
"ปริมาณการนำเข้าก๊าซธรรมชาติ (NG)",2562,6,"ก๊าซธรรมชาติ","เมียนมา",29784.9,"พันลิตรต่อเดือน","กรมธุรกิจพลังงาน"
"ปริมาณการนำเข้าก๊าซธรรมชาติ (NG)",2562,7,"ก๊าซธรรมชาติ","เมียนมา",28980.4,"พันลิตรต่อเดือน","กรมธุรกิจพลังงาน"
"ปริมาณการนำเข้าก๊าซธรรมชาติ (NG)",2562,8,"ก๊าซธรรมชาติ","เมียนมา",24470.9,"พันลิตรต่อเดือน","กรมธุรกิจพลังงาน"
"ปริมาณการนำเข้าก๊าซธรรมชาติ (NG)",2562,9,"ก๊าซธรรมชาติ","เมียนมา",28056.2,"พันลิตรต่อเดือน","กรมธุรกิจพลังงาน"
"ปริมาณการนำเข้าก๊าซธรรมชาติ (NG)",2562,10,"ก๊าซธรรมชาติ","เมียนมา",29409.1,"พันลิตรต่อเดือน","กรมธุรกิจพลังงาน"
"ปริมาณการนำเข้าก๊าซธรรมชาติ (NG)",2562,11,"ก๊าซธรรมชาติ","เมียนมา",25183,"พันลิตรต่อเดือน","กรมธุรกิจพลังงาน"
"ปริมาณการนำเข้าก๊าซธรรมชาติ (NG)",2562,12,"ก๊าซธรรมชาติ","เมียนมา",17447.5,"พันลิตรต่อเดือน","กรมธุรกิจพลังงาน"
"ปริมาณการนำเข้าก๊าซธรรมชาติ (NG)",2563,1,"ก๊าซธรรมชาติ","เมียนมา",21429.9,"พันลิตรต่อเดือน","กรมธุรกิจพลังงาน"
"ปริมาณการนำเข้าก๊าซธรรมชาติ (NG)",2563,2,"ก๊าซธรรมชาติ","เมียนมา",24614.4,"พันลิตรต่อเดือน","กรมธุรกิจพลังงาน"
"ปริมาณการนำเข้าก๊าซธรรมชาติ (NG)",2563,3,"ก๊าซธรรมชาติ","เมียนมา",28070.3,"พันลิตรต่อเดือน","กรมธุรกิจพลังงาน"
"ปริมาณการนำเข้าก๊าซธรรมชาติ (NG)",2563,4,"ก๊าซธรรมชาติ","เมียนมา",22354.1,"พันลิตรต่อเดือน","กรมธุรกิจพลังงาน"
"ปริมาณการนำเข้าก๊าซธรรมชาติ (NG)",2563,5,"ก๊าซธรรมชาติ","เมียนมา",26741.1,"พันลิตรต่อเดือน","กรมธุรกิจพลังงาน"
"ปริมาณการนำเข้าก๊าซธรรมชาติ (NG)",2563,6,"ก๊าซธรรมชาติ","เมียนมา",28059.1,"พันลิตรต่อเดือน","กรมธุรกิจพลังงาน"
"ปริมาณการนำเข้าก๊าซธรรมชาติ (NG)",2563,7,"ก๊าซธรรมชาติ","เมียนมา",29746,"พันลิตรต่อเดือน","กรมธุรกิจพลังงาน"
"ปริมาณการนำเข้าก๊าซธรรมชาติ (NG)",2563,8,"ก๊าซธรรมชาติ","เมียนมา",28279.5,"พันลิตรต่อเดือน","กรมธุรกิจพลังงาน"
"ปริมาณการนำเข้าก๊าซธรรมชาติ (NG)",2563,9,"ก๊าซธรรมชาติ","เมียนมา",27900.4,"พันลิตรต่อเดือน","กรมธุรกิจพลังงาน"
"ปริมาณการนำเข้าก๊าซธรรมชาติ (NG)",2563,10,"ก๊าซธรรมชาติ","เมียนมา",24810.5,"พันลิตรต่อเดือน","กรมธุรกิจพลังงาน"
"ปริมาณการนำเข้าก๊าซธรรมชาติ (NG)",2563,11,"ก๊าซธรรมชาติ","เมียนมา",25332.5,"พันลิตรต่อเดือน","กรมธุรกิจพลังงาน"
"ปริมาณการนำเข้าก๊าซธรรมชาติ (NG)",2563,12,"ก๊าซธรรมชาติ","เมียนมา",22337.9,"พันลิตรต่อเดือน","กรมธุรกิจพลังงาน"
"ปริมาณการนำเข้าก๊าซธรรมชาติ (NG)",2564,1,"ก๊าซธรรมชาติ","เมียนมา",22315.1,"พันลิตรต่อเดือน","กรมธุรกิจพลังงาน"
"ปริมาณการนำเข้าก๊าซธรรมชาติ (NG)",2564,2,"ก๊าซธรรมชาติ","เมียนมา",26038.6,"พันลิตรต่อเดือน","กรมธุรกิจพลังงาน"
"ปริมาณการนำเข้าก๊าซธรรมชาติ (NG)",2564,3,"ก๊าซธรรมชาติ","เมียนมา",28175.2,"พันลิตรต่อเดือน","กรมธุรกิจพลังงาน"
"ปริมาณการนำเข้าก๊าซธรรมชาติ (NG)",2564,4,"ก๊าซธรรมชาติ","เมียนมา",22272.8,"พันลิตรต่อเดือน","กรมธุรกิจพลังงาน"
"ปริมาณการนำเข้าก๊าซธรรมชาติ (NG)",2564,5,"ก๊าซธรรมชาติ","เมียนมา",25861.5,"พันลิตรต่อเดือน","กรมธุรกิจพลังงาน"
"ปริมาณการนำเข้าก๊าซธรรมชาติ (NG)",2564,6,"ก๊าซธรรมชาติ","เมียนมา",28212,"พันลิตรต่อเดือน","กรมธุรกิจพลังงาน"
"ปริมาณการนำเข้าก๊าซธรรมชาติ (NG)",2564,7,"ก๊าซธรรมชาติ","เมียนมา",26260,"พันลิตรต่อเดือน","กรมธุรกิจพลังงาน"
"ปริมาณการนำเข้าก๊าซธรรมชาติ (NG)",2564,8,"ก๊าซธรรมชาติ","เมียนมา",27036,"พันลิตรต่อเดือน","กรมธุรกิจพลังงาน"
"ปริมาณการนำเข้าก๊าซธรรมชาติ (NG)",2564,9,"ก๊าซธรรมชาติ","เมียนมา",28044.4,"พันลิตรต่อเดือน","กรมธุรกิจพลังงาน"
"ปริมาณการนำเข้าก๊าซธรรมชาติ (NG)",2564,10,"ก๊าซธรรมชาติ","เมียนมา",24135.9,"พันลิตรต่อเดือน","กรมธุรกิจพลังงาน"
"ปริมาณการนำเข้าก๊าซธรรมชาติ (NG)",2564,11,"ก๊าซธรรมชาติ","เมียนมา",27798.7,"พันลิตรต่อเดือน","กรมธุรกิจพลังงาน"
"ปริมาณการนำเข้าก๊าซธรรมชาติ (NG)",2564,12,"ก๊าซธรรมชาติ","เมียนมา",24572.8,"พันลิตรต่อเดือน","กรมธุรกิจพลังงาน"
"ปริมาณการนำเข้าก๊าซธรรมชาติ (NG)",2565,1,"ก๊าซธรรมชาติ","เมียนมา",23358.1,"พันลิตรต่อเดือน","กรมธุรกิจพลังงาน"
"ปริมาณการนำเข้าก๊าซธรรมชาติ (NG)",2565,2,"ก๊าซธรรมชาติ","เมียนมา",26714.6,"พันลิตรต่อเดือน","กรมธุรกิจพลังงาน"
"ปริมาณการนำเข้าก๊าซธรรมชาติ (NG)",2565,3,"ก๊าซธรรมชาติ","เมียนมา",29158.7,"พันลิตรต่อเดือน","กรมธุรกิจพลังงาน"
"ปริมาณการนำเข้าก๊าซธรรมชาติ (NG)",2565,4,"ก๊าซธรรมชาติ","เมียนมา",23831.1,"พันลิตรต่อเดือน","กรมธุรกิจพลังงาน"
"ปริมาณการนำเข้าก๊าซธรรมชาติ (NG)",2565,5,"ก๊าซธรรมชาติ","เมียนมา",26527.2,"พันลิตรต่อเดือน","กรมธุรกิจพลังงาน"
"ปริมาณการนำเข้าก๊าซธรรมชาติ (NG)",2565,6,"ก๊าซธรรมชาติ","เมียนมา",25515,"พันลิตรต่อเดือน","กรมธุรกิจพลังงาน"
"ปริมาณการนำเข้าก๊าซธรรมชาติ (NG)",2565,7,"ก๊าซธรรมชาติ","เมียนมา",26642.1,"พันลิตรต่อเดือน","กรมธุรกิจพลังงาน"
"ปริมาณการนำเข้าก๊าซธรรมชาติ (NG)",2565,8,"ก๊าซธรรมชาติ","เมียนมา",23644.9,"พันลิตรต่อเดือน","กรมธุรกิจพลังงาน"
"ปริมาณการนำเข้าก๊าซธรรมชาติ (NG)",2565,9,"ก๊าซธรรมชาติ","เมียนมา",26259.4,"พันลิตรต่อเดือน","กรมธุรกิจพลังงาน"
"ปริมาณการนำเข้าก๊าซธรรมชาติ (NG)",2565,10,"ก๊าซธรรมชาติ","เมียนมา",26892.5,"พันลิตรต่อเดือน","กรมธุรกิจพลังงาน"
"ปริมาณการนำเข้าก๊าซธรรมชาติ (NG)",2565,11,"ก๊าซธรรมชาติ","เมียนมา",25679.1,"พันลิตรต่อเดือน","กรมธุรกิจพลังงาน"
"ปริมาณการนำเข้าก๊าซธรรมชาติ (NG)",2565,12,"ก๊าซธรรมชาติ","เมียนมา",22326.8,"พันลิตรต่อเดือน","กรมธุรกิจพลังงาน"
"ปริมาณการนำเข้าก๊าซธรรมชาติ (NG)",2566,1,"ก๊าซธรรมชาติ","เมียนมา",18844.8,"พันลิตรต่อเดือน","กรมธุรกิจพลังงาน"
"ปริมาณการนำเข้าก๊าซธรรมชาติ (NG)",2566,2,"ก๊าซธรรมชาติ","เมียนมา",20769,"พันลิตรต่อเดือน","กรมธุรกิจพลังงาน"
"ปริมาณการนำเข้าก๊าซธรรมชาติ (NG)",2566,3,"ก๊าซธรรมชาติ","เมียนมา",19154.5,"พันลิตรต่อเดือน","กรมธุรกิจพลังงาน"
"ปริมาณการนำเข้าก๊าซธรรมชาติ (NG)",2566,4,"ก๊าซธรรมชาติ","เมียนมา",18604.8,"พันลิตรต่อเดือน","กรมธุรกิจพลังงาน"
"ปริมาณการนำเข้าก๊าซธรรมชาติ (NG)",2566,5,"ก๊าซธรรมชาติ","เมียนมา",22387.3,"พันลิตรต่อเดือน","กรมธุรกิจพลังงาน"
"ปริมาณการนำเข้าก๊าซธรรมชาติ (NG)",2566,6,"ก๊าซธรรมชาติ","เมียนมา",21252.2,"พันลิตรต่อเดือน","กรมธุรกิจพลังงาน"
"ปริมาณการนำเข้าก๊าซธรรมชาติ (NG)",2566,7,"ก๊าซธรรมชาติ","เมียนมา",22107,"พันลิตรต่อเดือน","กรมธุรกิจพลังงาน"
"ปริมาณการนำเข้าก๊าซธรรมชาติ (NG)",2566,8,"ก๊าซธรรมชาติ","เมียนมา",21276.6,"พันลิตรต่อเดือน","กรมธุรกิจพลังงาน"
"ปริมาณการนำเข้าก๊าซธรรมชาติ (NG)",2566,9,"ก๊าซธรรมชาติ","เมียนมา",18800.2,"พันลิตรต่อเดือน","กรมธุรกิจพลังงาน"
"ปริมาณการนำเข้าก๊าซธรรมชาติ (NG)",2566,10,"ก๊าซธรรมชาติ","เมียนมา",20667.9,"พันลิตรต่อเดือน","กรมธุรกิจพลังงาน"
"ปริมาณการนำเข้าก๊าซธรรมชาติ (NG)",2566,11,"ก๊าซธรรมชาติ","เมียนมา",19982.1,"พันลิตรต่อเดือน","กรมธุรกิจพลังงาน"
"ปริมาณการนำเข้าก๊าซธรรมชาติ (NG)",2566,12,"ก๊าซธรรมชาติ","เมียนมา",18989.3,"พันลิตรต่อเดือน","กรมธุรกิจพลังงาน"
"ปริมาณการนำเข้าก๊าซธรรมชาติ (NG)",2567,1,"ก๊าซธรรมชาติ","เมียนมา",19373.5,"พันลิตรต่อเดือน","กรมธุรกิจพลังงาน"
"ปริมาณการนำเข้าก๊าซธรรมชาติ (NG)",2567,2,"ก๊าซธรรมชาติ","เมียนมา",18403.2,"พันลิตรต่อเดือน","กรมธุรกิจพลังงาน"
"ปริมาณการนำเข้าก๊าซธรรมชาติ (NG)",2567,3,"ก๊าซธรรมชาติ","เมียนมา",19468.4,"พันลิตรต่อเดือน","กรมธุรกิจพลังงาน"
"ปริมาณการนำเข้าก๊าซธรรมชาติ (NG)",2567,4,"ก๊าซธรรมชาติ","เมียนมา",17461,"พันลิตรต่อเดือน","กรมธุรกิจพลังงาน"
"ปริมาณการนำเข้าก๊าซธรรมชาติ (NG)",2567,5,"ก๊าซธรรมชาติ","เมียนมา",19935.3,"พันลิตรต่อเดือน","กรมธุรกิจพลังงาน"
"ปริมาณการนำเข้าก๊าซธรรมชาติ (NG)",2567,6,"ก๊าซธรรมชาติ","เมียนมา",18197.4,"พันลิตรต่อเดือน","กรมธุรกิจพลังงาน"
"ปริมาณการนำเข้าก๊าซธรรมชาติ (NG)",2567,7,"ก๊าซธรรมชาติ","เมียนมา",18590.9,"พันลิตรต่อเดือน","กรมธุรกิจพลังงาน"
"ปริมาณการนำเข้าก๊าซธรรมชาติ (NG)",2567,8,"ก๊าซธรรมชาติ","เมียนมา",18258.7,"พันลิตรต่อเดือน","กรมธุรกิจพลังงาน"
"ปริมาณการนำเข้าก๊าซธรรมชาติ (NG)",2567,9,"ก๊าซธรรมชาติ","เมียนมา",16735.4,"พันลิตรต่อเดือน","กรมธุรกิจพลังงาน"
"ปริมาณการนำเข้าก๊าซธรรมชาติ (NG)",2567,10,"ก๊าซธรรมชาติ","เมียนมา",17843.1,"พันลิตรต่อเดือน","กรมธุรกิจพลังงาน"
"ปริมาณการนำเข้าก๊าซธรรมชาติ (NG)",2567,11,"ก๊าซธรรมชาติ","เมียนมา",16674.8,"พันลิตรต่อเดือน","กรมธุรกิจพลังงาน"
"ปริมาณการนำเข้าก๊าซธรรมชาติ (NG)",2567,12,"ก๊าซธรรมชาติ","เมียนมา",14770.9,"พันลิตรต่อเดือน","กรมธุรกิจพลังงาน"
"ปริมาณการนำเข้าก๊าซธรรมชาติ (NG)",2568,1,"ก๊าซธรรมชาติ","เมียนมา",15939.1,"พันลิตรต่อเดือน","กรมธุรกิจพลังงาน"
"ปริมาณการนำเข้าก๊าซธรรมชาติ (NG)",2568,2,"ก๊าซธรรมชาติ","เมียนมา",15333.7,"พันลิตรต่อเดือน","กรมธุรกิจพลังงาน"
"ปริมาณการนำเข้าก๊าซธรรมชาติ (NG)",2568,3,"ก๊าซธรรมชาติ","เมียนมา",17023.4,"พันลิตรต่อเดือน","กรมธุรกิจพลังงาน"
"ปริมาณการนำเข้าก๊าซธรรมชาติ (NG)",2568,4,"ก๊าซธรรมชาติ","เมียนมา",9353.3,"พันลิตรต่อเดือน","กรมธุรกิจพลังงาน"
"ปริมาณการนำเข้าก๊าซธรรมชาติ (NG)",2568,5,"ก๊าซธรรมชาติ","เมียนมา",15803.6,"พันลิตรต่อเดือน","กรมธุรกิจพลังงาน"
